Estimate,Lower
-0.07779397423342906,-0.7254178774594681
0.2645584205347687,-0.12709823679127252
